<annotation>
	<folder>train_images</folder>
	<filename>cat.3516.jpg</filename>
	<path>/home/alvaro/Área de Trabalho/tf-models/research/object_detection/train_images/cat.3516.jpg</path>
	<source>
		<database>Unknown</database>
	</source>
	<size>
		<width>500</width>
		<height>374</height>
		<depth>3</depth>
	</size>
	<segmented>0</segmented>
	<object>
		<name>cat</name>
		<pose>Unspecified</pose>
		<truncated>0</truncated>
		<difficult>0</difficult>
		<bndbox>
			<xmin>59</xmin>
			<ymin>61</ymin>
			<xmax>484</xmax>
			<ymax>355</ymax>
		</bndbox>
	</object>
</annotation>
