<annotation>
	<folder>unlabeled_data</folder>
	<filename>cat.3822.jpg</filename>
	<path>/home/alvaro/Área de Trabalho/tf-models/research/object_detection/unlabeled_data/cat.3822.jpg</path>
	<source>
		<database>Unknown</database>
	</source>
	<size>
		<width>233</width>
		<height>300</height>
		<depth>3</depth>
	</size>
	<segmented>0</segmented>
	<object>
		<name>cat</name>
		<pose>Unspecified</pose>
		<truncated>0</truncated>
		<difficult>0</difficult>
		<bndbox>
			<xmin>49</xmin>
			<ymin>86</ymin>
			<xmax>209</xmax>
			<ymax>274</ymax>
		</bndbox>
	</object>
	<object>
		<name>dog</name>
		<pose>Unspecified</pose>
		<truncated>0</truncated>
		<difficult>0</difficult>
		<bndbox>
			<xmin>4</xmin>
			<ymin>5</ymin>
			<xmax>171</xmax>
			<ymax>111</ymax>
		</bndbox>
	</object>
</annotation>
