<annotation><filename>cat.3606.jpg</filename><size><width>479</width><height>359</height><depth>3</depth></size><object><name>cat</name><pose>Unspecified</pose><truncated>0</truncated><difficult>0</difficult><bndbox><xmin>4.0237394869327545</xmin><ymin>80.4516035169363</ymin><xmax>250.04665791988373</xmax><ymax>257.79473716020584</ymax></bndbox></object><object><name>cat</name><pose>Unspecified</pose><truncated>0</truncated><difficult>0</difficult><bndbox><xmin>307.88882488012314</xmin><ymin>114.87154519557953</ymin><xmax>471.6163230538368</xmax><ymax>266.098920583725</ymax></bndbox></object></annotation>