<annotation>
	<folder>test_images</folder>
	<filename>cat.33.jpg</filename>
	<path>/home/alvaro/Área de Trabalho/models/research/object_detection/test_images/cat.33.jpg</path>
	<source>
		<database>Unknown</database>
	</source>
	<size>
		<width>499</width>
		<height>375</height>
		<depth>3</depth>
	</size>
	<segmented>0</segmented>
	<object>
		<name>cat</name>
		<pose>Unspecified</pose>
		<truncated>1</truncated>
		<difficult>0</difficult>
		<bndbox>
			<xmin>168</xmin>
			<ymin>91</ymin>
			<xmax>384</xmax>
			<ymax>375</ymax>
		</bndbox>
	</object>
</annotation>
