<annotation>
	<folder>train_images</folder>
	<filename>cat.37.jpg</filename>
	<path>/home/alvaro/Área de Trabalho/tf-models/research/object_detection/train_images/cat.37.jpg</path>
	<source>
		<database>Unknown</database>
	</source>
	<size>
		<width>499</width>
		<height>337</height>
		<depth>3</depth>
	</size>
	<segmented>0</segmented>
	<object>
		<name>cat</name>
		<pose>Unspecified</pose>
		<truncated>0</truncated>
		<difficult>0</difficult>
		<bndbox>
			<xmin>2</xmin>
			<ymin>15</ymin>
			<xmax>484</xmax>
			<ymax>326</ymax>
		</bndbox>
	</object>
	<object>
		<name>cat</name>
		<pose>Unspecified</pose>
		<truncated>1</truncated>
		<difficult>0</difficult>
		<bndbox>
			<xmin>246</xmin>
			<ymin>1</ymin>
			<xmax>378</xmax>
			<ymax>63</ymax>
		</bndbox>
	</object>
</annotation>
