<annotation><filename>cat.27.jpg</filename><size><width>370</width><height>479</height><depth>3</depth></size><object><name>cat</name><pose>Unspecified</pose><truncated>0</truncated><difficult>0</difficult><bndbox><xmin>136.10575914382935</xmin><ymin>46.364444613456726</ymin><xmax>309.6510136127472</xmax><ymax>299.5599794983864</ymax></bndbox></object><object><name>cat</name><pose>Unspecified</pose><truncated>0</truncated><difficult>0</difficult><bndbox><xmin>58.080761432647705</xmin><ymin>195.49806249141693</ymin><xmax>269.240220785141</xmax><ymax>476.3443350791931</ymax></bndbox></object></annotation>