<annotation>
	<folder>unlabeled_data</folder>
	<filename>cat.3738.jpg</filename>
	<path>/home/alvaro/Área de Trabalho/tf-models/research/object_detection/unlabeled_data/cat.3738.jpg</path>
	<source>
		<database>Unknown</database>
	</source>
	<size>
		<width>347</width>
		<height>297</height>
		<depth>3</depth>
	</size>
	<segmented>0</segmented>
	<object>
		<name>cat</name>
		<pose>Unspecified</pose>
		<truncated>0</truncated>
		<difficult>0</difficult>
		<bndbox>
			<xmin>272</xmin>
			<ymin>98</ymin>
			<xmax>308</xmax>
			<ymax>171</ymax>
		</bndbox>
	</object>
	<object>
		<name>cat</name>
		<pose>Unspecified</pose>
		<truncated>0</truncated>
		<difficult>0</difficult>
		<bndbox>
			<xmin>194</xmin>
			<ymin>165</ymin>
			<xmax>281</xmax>
			<ymax>221</ymax>
		</bndbox>
	</object>
	<object>
		<name>cat</name>
		<pose>Unspecified</pose>
		<truncated>0</truncated>
		<difficult>0</difficult>
		<bndbox>
			<xmin>174</xmin>
			<ymin>219</ymin>
			<xmax>328</xmax>
			<ymax>291</ymax>
		</bndbox>
	</object>
</annotation>
