<annotation>
	<folder>unlabeled_data</folder>
	<filename>cat.3575.jpg</filename>
	<path>/home/alvaro/Área de Trabalho/tf-models/research/object_detection/unlabeled_data/cat.3575.jpg</path>
	<source>
		<database>Unknown</database>
	</source>
	<size>
		<width>305</width>
		<height>204</height>
		<depth>3</depth>
	</size>
	<segmented>0</segmented>
	<object>
		<name>cat</name>
		<pose>Unspecified</pose>
		<truncated>0</truncated>
		<difficult>0</difficult>
		<bndbox>
			<xmin>187</xmin>
			<ymin>18</ymin>
			<xmax>303</xmax>
			<ymax>162</ymax>
		</bndbox>
	</object>
	<object>
		<name>cat</name>
		<pose>Unspecified</pose>
		<truncated>0</truncated>
		<difficult>0</difficult>
		<bndbox>
			<xmin>9</xmin>
			<ymin>18</ymin>
			<xmax>112</xmax>
			<ymax>161</ymax>
		</bndbox>
	</object>
</annotation>
