<annotation>
	<folder>unlabeled_data</folder>
	<filename>cat.3639.jpg</filename>
	<path>/home/alvaro/Área de Trabalho/tf-models/research/object_detection/unlabeled_data/cat.3639.jpg</path>
	<source>
		<database>Unknown</database>
	</source>
	<size>
		<width>500</width>
		<height>374</height>
		<depth>3</depth>
	</size>
	<segmented>0</segmented>
	<object>
		<name>cat</name>
		<pose>Unspecified</pose>
		<truncated>0</truncated>
		<difficult>0</difficult>
		<bndbox>
			<xmin>256</xmin>
			<ymin>26</ymin>
			<xmax>416</xmax>
			<ymax>270</ymax>
		</bndbox>
	</object>
	<object>
		<name>cat</name>
		<pose>Unspecified</pose>
		<truncated>1</truncated>
		<difficult>0</difficult>
		<bndbox>
			<xmin>102</xmin>
			<ymin>2</ymin>
			<xmax>274</xmax>
			<ymax>374</ymax>
		</bndbox>
	</object>
</annotation>
