<annotation>
	<folder>test_images</folder>
	<filename>cat.6.jpg</filename>
	<path>/home/alvaro/Área de Trabalho/tf-models/research/object_detection/test_images/cat.6.jpg</path>
	<source>
		<database>Unknown</database>
	</source>
	<size>
		<width>400</width>
		<height>303</height>
		<depth>3</depth>
	</size>
	<segmented>0</segmented>
	<object>
		<name>cat</name>
		<pose>Unspecified</pose>
		<truncated>0</truncated>
		<difficult>0</difficult>
		<bndbox>
			<xmin>62</xmin>
			<ymin>116</ymin>
			<xmax>182</xmax>
			<ymax>234</ymax>
		</bndbox>
	</object>
</annotation>
