<annotation>
	<folder>test_images</folder>
	<filename>cat.44.jpg</filename>
	<path>/home/alvaro/Área de Trabalho/models/research/object_detection/test_images/cat.44.jpg</path>
	<source>
		<database>Unknown</database>
	</source>
	<size>
		<width>107</width>
		<height>102</height>
		<depth>3</depth>
	</size>
	<segmented>0</segmented>
	<object>
		<name>cat</name>
		<pose>Unspecified</pose>
		<truncated>0</truncated>
		<difficult>0</difficult>
		<bndbox>
			<xmin>33</xmin>
			<ymin>22</ymin>
			<xmax>88</xmax>
			<ymax>85</ymax>
		</bndbox>
	</object>
</annotation>
