<annotation>
	<folder>unlabeled_data</folder>
	<filename>dog.174.jpg</filename>
	<path>/home/alvaro/Área de Trabalho/tf-models/research/object_detection/unlabeled_data/dog.174.jpg</path>
	<source>
		<database>Unknown</database>
	</source>
	<size>
		<width>258</width>
		<height>187</height>
		<depth>3</depth>
	</size>
	<segmented>0</segmented>
	<object>
		<name>dog</name>
		<pose>Unspecified</pose>
		<truncated>0</truncated>
		<difficult>0</difficult>
		<bndbox>
			<xmin>7</xmin>
			<ymin>19</ymin>
			<xmax>121</xmax>
			<ymax>183</ymax>
		</bndbox>
	</object>
	<object>
		<name>dog</name>
		<pose>Unspecified</pose>
		<truncated>0</truncated>
		<difficult>0</difficult>
		<bndbox>
			<xmin>143</xmin>
			<ymin>19</ymin>
			<xmax>252</xmax>
			<ymax>183</ymax>
		</bndbox>
	</object>
</annotation>
