<annotation>
	<folder>unlabeled_data</folder>
	<filename>dog.81.jpg</filename>
	<path>/home/alvaro/Área de Trabalho/tf-models/research/object_detection/unlabeled_data/dog.81.jpg</path>
	<source>
		<database>Unknown</database>
	</source>
	<size>
		<width>105</width>
		<height>110</height>
		<depth>3</depth>
	</size>
	<segmented>0</segmented>
	<object>
		<name>dog</name>
		<pose>Unspecified</pose>
		<truncated>0</truncated>
		<difficult>0</difficult>
		<bndbox>
			<xmin>13</xmin>
			<ymin>7</ymin>
			<xmax>88</xmax>
			<ymax>105</ymax>
		</bndbox>
	</object>
</annotation>
