<annotation>
	<folder>new_images</folder>
	<filename>dog.474.jpg</filename>
	<path>/home/alvaro/Área de Trabalho/tf-models/research/object_detection/new_images/dog.474.jpg</path>
	<source>
		<database>Unknown</database>
	</source>
	<size>
		<width>376</width>
		<height>500</height>
		<depth>3</depth>
	</size>
	<segmented>0</segmented>
	<object>
		<name>dog</name>
		<pose>Unspecified</pose>
		<truncated>1</truncated>
		<difficult>0</difficult>
		<bndbox>
			<xmin>35</xmin>
			<ymin>156</ymin>
			<xmax>287</xmax>
			<ymax>500</ymax>
		</bndbox>
	</object>
</annotation>
