<annotation>
	<folder>new_images</folder>
	<filename>dog.471.jpg</filename>
	<path>/home/alvaro/Área de Trabalho/tf-models/research/object_detection/new_images/dog.471.jpg</path>
	<source>
		<database>Unknown</database>
	</source>
	<size>
		<width>392</width>
		<height>480</height>
		<depth>3</depth>
	</size>
	<segmented>0</segmented>
	<object>
		<name>dog</name>
		<pose>Unspecified</pose>
		<truncated>1</truncated>
		<difficult>0</difficult>
		<bndbox>
			<xmin>46</xmin>
			<ymin>41</ymin>
			<xmax>337</xmax>
			<ymax>480</ymax>
		</bndbox>
	</object>
</annotation>
