<annotation><filename>dog.460.jpg</filename><size><width>375</width><height>499</height><depth>3</depth></size><object><name>dog</name><pose>Unspecified</pose><truncated>0</truncated><difficult>0</difficult><bndbox><xmin>46.745236963033676</xmin><ymin>10.915012300014496</ymin><xmax>352.14489698410034</xmax><ymax>492.2543813586235</ymax></bndbox></object><object><name>dog</name><pose>Unspecified</pose><truncated>0</truncated><difficult>0</difficult><bndbox><xmin>1.9997768104076385</xmin><ymin>124.98933964967728</ymin><xmax>254.73037362098694</xmax><ymax>496.81881779432297</ymax></bndbox></object></annotation>