<annotation>
	<folder>test_images</folder>
	<filename>dog.3509.jpg</filename>
	<path>/home/alvaro/Área de Trabalho/models/research/object_detection/test_images/dog.3509.jpg</path>
	<source>
		<database>Unknown</database>
	</source>
	<size>
		<width>199</width>
		<height>173</height>
		<depth>3</depth>
	</size>
	<segmented>0</segmented>
	<object>
		<name>dog</name>
		<pose>Unspecified</pose>
		<truncated>0</truncated>
		<difficult>0</difficult>
		<bndbox>
			<xmin>22</xmin>
			<ymin>14</ymin>
			<xmax>176</xmax>
			<ymax>170</ymax>
		</bndbox>
	</object>
</annotation>
